{
	"metadata":
	{
		"meshCount":1,
		"skeletonCount":0,
		"animationCount":0,
		"framerate":24.000000
	},
	"meshes": 
	[ 
		{
			"meshdata":
			{
				"name":"Plane",
				"id":1,
				"verticeCount":4,
				"facesCount":2,
				"verticesPerFace":3,
				"uvChannelCount":1,
				"boneCount":0
			},
			"bindpose":
			[
				-0.707107,-0.000000,0.000000,0.707107,0.000000,0.000000,0.000000,0.000000
			],
			"localTranslation":
			[
				0.000000,0.000000,0.000000
			],
			"localRotation":
			[
				-90.000009,0.000000,0.000000
			],
			"localScale":
			[
				1.000000,1.000000,1.000000
			],
			"vertices":
			[
				15.999999,15.999999,0.000000,15.999999,-15.999999,0.000000,-16.000002,-15.999997,0.000000,-15.999994,16.000006,0.000000
			],
			"verticeIndex":
			[
				0,3,2,2,1,0
			],
			"uvChannels":
			[
				[
					0.000000,0.000000,1.000000,0.000000,1.000000,1.000000,1.000000,1.000000,0.000000,1.000000,0.000000,0.000000
				]
			],
			"normals":
			[
				0.000000,0.000000,0.999969,0.000000,0.000000,1.000000,0.000000,0.000000,1.000000,0.000000,0.000000,1.000000
			]
		}
		
	]
}